Title,Year,Directors,WatchedDate,Rating,Rating10
Marty Supreme,2025,Joshua Safdie,2026-02-28,4.0,8
Frankenstein,2025,Guillermo del Toro,2026-02-16,3.5,7
Jay Kelly,2025,Noah Baumbach,2026-01-02,3.5,7
Muerte por un rayo,2025,"Mike Makowsky, Matt Ross",2025-12-07,3.0,6
Sueños de trenes,2025,Clint Bentley,2025-12-06,4.0,8
Senderos de gloria,1957,Stanley Kubrick,2025-11-30,4.5,9
El imperio del sol,1987,Steven Spielberg,2025-11-25,4.5,9
Una batalla tras otra,2025,Paul Thomas Anderson,2025-11-21,4.5,9
Tiempo de matar,1996,Joel Schumacher,2025-11-15,1.5,3
Task,2025,"Brad Ingelsby, Jeremiah Zagar, Salli Richardson-Whitfield",2025-11-11,3.0,6
Muertos S.L.,2024,"Alberto Caballero, Araceli Álvarez de Sotomayor",2025-11-04,3.5,7
Materialistas,2025,Celine Song,2025-10-11,3.5,7
Tierra de mafiosos,2025,"Ronan Bennett, Guy Ritchie",2025-10-09,4.0,8
La entrevista,2014,"Evan Goldberg, Seth Rogen",2025-09-29,3.5,7
Sugar,2024,"Mark Protosevich, Fernando Meirelles, Adam Arkin",2025-09-24,3.5,7
La vida de Chuck,2024,Mike Flanagan,2025-08-23,4.0,8
Better Man,2024,Michael Gracey,2025-08-20,4.0,8
Superman,2025,James Gunn,2025-08-19,3.0,6
Vivir el momento,2024,John Crowley,2025-08-15,3.5,7
The Studio,2025,"Seth Rogen, Alex Gregory",2025-07-31,5.0,10
¡Tú la llevas!,2018,Jeff Tomsic,2025-07-14,3.5,7
Los pecadores,2025,Ryan Coogler,2025-07-12,3.5,7
A Complete Unknown,2024,James Mangold,2025-07-12,3.5,7
El becario,2015,Nancy Meyers,2025-06-24,2.5,5
Glengarry Glen Ross (Éxito a cualquier precio),1992,James Foley,2025-06-20,4.0,8
Separación,2022,"Dan Erickson, Ben Stiller",2025-06-19,3.5,7
Cold War,2018,Pawel Pawlikowski,2025-06-16,3.5,7
Las vidas de Sing Sing,2023,Greg Kwedar,2025-06-14,4.0,8
Mickey 17,2025,Bong Joon-ho,2025-06-13,3.0,6
Mountainhead,2025,Jesse Armstrong,2025-06-05,4.0,8
The Alto Knights,2025,Barry Levinson,2025-06-03,3.5,7
28 días después,2002,Danny Boyle,2025-06-03,3.0,6
Warfare: Tiempo de guerra,2025,"Alex Garland, Ray Mendoza",2025-05-24,4.0,8
Adolescencia,2025,"Jack Thorne, Stephen Graham, Philip Barantini",2025-03-26,4.5,9
A Real Pain,2024,Jesse Eisenberg,2025-03-22,3.0,6
Anora,2024,Sean Baker,2025-03-21,3.5,7
Los años nuevos,2024,"Rodrigo Sorogoyen, Paula Fabra",2025-03-13,4.0,8
The Brutalist,2024,Brady Corbet,2025-03-01,4.0,8
Aftersun,2022,Charlotte Wells,2025-02-28,4.0,8
Historia de un matrimonio,2019,Noah Baumbach,2025-02-17,5.0,10
El conde de Montecristo,2024,"Matthieu Delaporte, Alexandre de La Patellière",2025-02-15,4.0,8
Traffic,2000,Steven Soderbergh,2025-02-07,4.0,8
Crash (Colisión),2004,Paul Haggis,2025-01-30,3.5,7
"Expiación, más allá de la pasión",2007,Joe Wright,2025-01-25,4.5,9
Orgullo y prejuicio,2005,Joe Wright,2025-01-18,5.0,10
Gladiator II,2024,Ridley Scott,2025-01-04,3.0,6
Perfect Days,2023,Wim Wenders,2025-01-01,4.0,8
Jurado Nº 2,2024,Clint Eastwood,2024-12-29,3.0,6
Westworld,2016,"Jonathan Nolan, Jonathan Nolan",2024-12-24,3.5,7
Arcane: League of Legends,2021,"Riot Games, Christian Linke",2024-12-19,4.5,9
The Apprentice. La historia de Trump,2024,Ali Abbasi,2024-11-12,4.0,8
Presunto inocente,2024,"David E. Kelley, Anne Sewitsky, Greg Yaitanes",2024-11-11,4.0,8
Para toda la humanidad,2019,"Ronald D. Moore, Matt Wolpert",2024-11-06,2.5,5
#SeAcabó: Diario de las campeonas,2024,Joanna Pardos,2024-11-04,0.5,1
Los instigadores,2024,Doug Liman,2024-11-04,3.0,6
BlackBerry,2023,Matt Johnson,2024-11-03,3.5,7
Horizon: An American Saga - Capítulo 1,2024,Kevin Costner,2024-10-31,3.5,7
Memories of Murder (Crónica de un asesino en serie),2003,Bong Joon-ho,2024-10-29,4.0,8
Otra ronda,2020,Thomas Vinterberg,2024-10-24,3.5,7
After Life,2019,"Ricky Gervais, Ricky Gervais",2024-10-22,4.5,9
Wolfs,2024,Jon Watts,2024-10-06,4.0,8
¿Vencedores o vencidos? (El juicio de Nuremberg),1961,Stanley Kramer,2024-10-05,4.5,9
La pareja perfecta,2024,"Jenna Lamia, Susanne Bier",2024-10-01,0.5,1
Rebel Ridge,2024,Jeremy Saulnier,2024-09-22,3.5,7
Lars y una chica de verdad,2007,Craig Gillespie,2024-09-06,3.0,6
Hasta el último hombre,2016,Mel Gibson,2024-08-26,3.0,6
Bikeriders. La ley del asfalto,2023,Jeff Nichols,2024-08-17,3.5,7
La gran apuesta,2015,Adam McKay,2024-08-17,4.5,9
No mires arriba,2021,Adam McKay,2024-08-17,4.0,8
El vicio del poder,2018,Adam McKay,2024-08-17,3.5,7
Los otros dos,2010,Adam McKay,2024-08-17,3.0,6
El clan de hierro,2023,Sean Durkin,2024-08-08,3.5,7
El especialista,2024,David Leitch,2024-07-27,4.0,8
Materia oscura,2024,"Blake Crouch, Louis Leterrier",2024-07-25,4.0,8
Furiosa: De la saga Mad Max,2024,George Miller,2024-07-23,4.0,8
La última apuesta,2015,"Anna Boden, Ryan Fleck",2024-07-13,3.0,6
Una historia del Bronx (A Bronx Tale),1993,Robert De Niro,2024-06-29,4.5,9
El ministerio de la Guerra Sucia,2024,Guy Ritchie,2024-06-26,3.5,7
Cuatro bodas y un funeral,1994,Mike Newell,2024-06-15,3.5,7
Ripley,2024,"Steven Zaillian, Steven Zaillian",2024-06-08,4.5,9
Guy Ritchie: El pacto,2023,Guy Ritchie,2024-05-19,3.5,7
Road House. De profesión: duro,2024,Doug Liman,2024-05-19,3.0,6
El problema de los 3 cuerpos,2024,"David Benioff, D.B. Weiss",2024-05-14,3.0,6
Dune: Parte Dos,2024,Denis Villeneuve,2024-04-05,4.5,9
Vidas pasadas,2023,Celine Song,2024-03-10,4.0,8
Saltburn,2023,Emerald Fennell,2024-03-07,3.0,6
The Dropout: Auge y caída de Elizabeth Holmes,2022,"Elizabeth Meriwether, Michael Showalter",2024-02-25,3.5,7
The Man from Earth,2007,Richard Schenkman,2024-02-20,4.0,8
Los que se quedan,2023,Alexander Payne,2024-02-09,4.0,8
Dejar el mundo atrás,2023,Sam Esmail,2024-01-20,3.5,7
Master of None,2015,"Aziz Ansari, Alan Yang",2023-12-27,4.5,9
Los tres reyes malos,2015,Jonathan Levine,2023-12-16,3.0,6
Los asesinos de la luna,2023,Martin Scorsese,2023-12-10,4.0,8
"Hitch, especialista en ligues",2005,Andy Tennant,2023-12-07,3.0,6
Silo,2023,"Graham Yost, Morten Tyldum",2023-11-04,3.0,6
Bronca,2023,"Lee Sung Jin, Hikari",2023-11-04,4.0,8
La doncella (The Handmaiden),2016,Park Chan-wook,2023-10-29,4.0,8
Antes del anochecer,2013,Richard Linklater,2023-10-28,4.0,8
La inspiración más profunda,2023,Laura McGann,2023-10-22,4.5,9
Mr. Inbetween,2018,Nash Edgerton,2023-10-18,4.0,8
Barbie,2023,Greta Gerwig,2023-10-10,3.5,7
Elemental,2023,Peter Sohn,2023-09-23,3.0,6
El clon de Tyrone,2023,Juel Taylor,2023-08-22,3.0,6
Spider-Man: Cruzando el Multiverso,2023,"Joaquim Dos Santos, Kemp Powers, Justin K. Thompson",2023-08-18,4.0,8
Hijack,2023,"George Kay, Jim Field Smith",2023-08-18,1.5,3
Rocketman,2019,Dexter Fletcher,2023-07-30,3.0,6
La jungla de asfalto,1950,John Huston,2023-07-27,3.5,7
Black Mirror: Beyond the Sea,2023,John Crowley,2023-07-25,3.0,6
Barry,2018,"Alec Berg, Bill Hader",2023-07-25,3.5,7
La oferta,2022,"Michael Tolkin, Dexter Fletcher",2023-07-25,3.5,7
Guardianes de la galaxia Vol. 3,2023,James Gunn,2023-07-21,3.5,7
La ballena (The Whale),2022,Darren Aronofsky,2023-07-19,4.0,8
Amor en Rye Lane,2023,Raine Allen Miller,2023-06-25,3.5,7
AIR,2023,Ben Affleck,2023-06-16,3.0,6
Una jaula de grillos,1996,Mike Nichols,2023-05-07,4.0,8
Pachinko,2022,"Soo Hugh, Justin Chon, Kogonada",2023-05-04,4.0,8
Klaus,2019,Sergio Pablos,2023-04-17,4.0,8
El padre,2020,Florian Zeller,2023-04-17,4.0,8
1917,2019,Sam Mendes,2023-04-17,4.0,8
Parásitos,2019,Bong Joon-ho,2023-04-17,4.0,8
Joker,2019,Todd Phillips,2023-04-17,3.5,7
Las vidas posibles de Mr. Nobody,2009,Jaco Van Dormael,2023-04-17,4.0,8
Dune,2021,Denis Villeneuve,2023-04-17,4.0,8
La cortina de humo,1997,Barry Levinson,2023-04-15,3.5,7
Mare of Easttown,2021,"Brad Ingelsby, Craig Zobel",2023-04-15,4.5,9
Fleabag,2016,"Phoebe Waller-Bridge, Harry Bradbeer, Tim Kirkby",2023-04-15,4.5,9
Así nos ven,2019,"Ava DuVernay, Ava DuVernay",2023-04-15,3.5,7
Parks and Recreation,2009,"Greg Daniels, Michael Schur",2023-04-15,4.0,8
BoJack Horseman,2014,"Raphael Bob-Waksberg, JC Gonzalez",2023-04-15,4.0,8
The Office,2005,"Greg Daniels, Ricky Gervais",2023-04-15,4.5,9
Juego de Tronos,2011,"David Benioff, D.B. Weiss",2023-04-15,4.5,9
Hermanas hasta la muerte,2022,"Sharon Horgan, Dearbhla Walsh",2023-04-13,4.0,8
Succession,2018,"Jesse Armstrong, Adam McKay",2023-04-07,4.5,9
Resacón 2: ¡Ahora en Tailandia!,2011,Todd Phillips,2023-04-07,3.0,6
Tetris,2023,Jon S. Baird,2023-04-01,4.0,8
Alta fidelidad,2000,Stephen Frears,2023-03-29,3.0,6
Slow Horses,2022,"Will Smith, James Hawes",2023-03-24,4.0,8
It's a Sin,2021,"Russell T. Davies, Peter Hoar",2023-03-18,4.0,8
El expreso de medianoche,1978,Alan Parker,2023-03-18,4.5,9
Chernobyl,2019,"Craig Mazin, Johan Renck",2023-03-18,4.5,9
Psicosis,1960,Alfred Hitchcock,2023-03-18,4.0,8
Encerrado con el diablo,2022,"Dennis Lehane, Michael R. Roskam",2023-03-18,4.0,8
As bestas,2022,Rodrigo Sorogoyen,2023-03-16,4.5,9
La conjura contra América,2020,"David Simon, Ed Burns",2023-03-12,4.0,8
Full Monty,1997,Peter Cattaneo,2023-03-11,3.5,7
Harry Potter y la cámara secreta,2002,Chris Columbus,2023-03-10,2.5,5
Harry Potter y la piedra filosofal,2001,Chris Columbus,2023-03-10,2.5,5
Harry Potter y el prisionero de Azkaban,2004,Alfonso Cuarón,2023-03-10,3.0,6
Andor,2022,"Tony Gilroy, Toby Haynes",2023-03-07,4.0,8
El triángulo de la tristeza,2022,Ruben Östlund,2023-03-01,3.5,7
Babylon,2022,Damien Chazelle,2023-02-26,3.0,6
La ciudad es nuestra,2022,"David Simon, George Pelecanos, Reinaldo Marcus Green",2023-02-26,4.0,8
Doctor Strange en el multiverso de la locura,2022,Sam Raimi,2023-02-26,2.5,5
Red,2022,Domee Shi,2023-02-26,3.0,6
El hombre del norte,2022,Robert Eggers,2023-02-26,4.0,8
Bullet Train,2022,David Leitch,2023-02-26,3.5,7
Avatar: El sentido del agua,2022,James Cameron,2023-02-26,4.0,8
The Batman,2022,Matt Reeves,2023-02-26,4.0,8
Pinocho de Guillermo del Toro,2022,"Guillermo del Toro, Mark Gustafson",2023-02-26,3.5,7
"Love, Death + Robots. Volumen 3",2022,"Tim Miller, David Fincher",2023-02-26,3.5,7
El encargado,2022,"Mariano Cohn, Gastón Duprat",2023-02-26,2.5,5
The Bear,2022,"Christopher Storer, Christopher Storer",2023-02-26,4.0,8
La Casa del Dragón,2022,"Ryan Condal, George R.R. Martin",2023-02-26,3.0,6
Elvis,2022,Baz Luhrmann,2023-02-26,3.5,7
Top Gun: Maverick,2022,Joseph Kosinski,2023-02-26,3.0,6
Puñales por la espalda: El misterio de Glass Onion,2022,Rian Johnson,2023-02-26,3.5,7
Todo a la vez en todas partes,2022,"Dan Kwan, Daniel Scheinert, Daniels",2023-02-26,4.0,8
The Last of Us T1,2023,"Craig Mazin, Neil Druckmann",2023-02-26,4.5,9
Sin novedad en el frente,2022,Edward Berger,2023-02-26,4.0,8
Almas en pena de Inisherin,2022,Martin McDonagh,2023-02-26,4.0,8
Los Fabelman,2022,Steven Spielberg,2023-02-26,4.0,8
Enemigo público,1998,Tony Scott,2018-05-03,3.5,7
Con Air (Convictos en el aire),1997,Simon West,2018-05-03,3.5,7
Harry el sucio,1971,Don Siegel,2018-05-03,4.0,8
Goldeneye,1995,Martin Campbell,2018-05-03,3.5,7
Cara a cara,1997,John Woo,2018-05-03,3.5,7
Acorralado (Rambo),1982,Ted Kotcheff,2018-05-03,4.0,8
Arma letal,1987,Richard Donner,2018-05-03,3.5,7
Mad Max: Furia en la carretera,2015,George Miller,2018-05-03,4.0,8
La gran enfermedad del amor,2017,Michael Showalter,2018-05-03,4.0,8
Baby Driver,2017,Edgar Wright,2018-05-03,4.0,8
Rey Arturo: La leyenda de Excalibur,2017,Guy Ritchie,2018-05-03,3.0,6
La suerte de los Logan,2017,Steven Soderbergh,2018-05-03,3.5,7
La bella y la bestia,2017,Bill Condon,2018-05-03,3.5,7
Liga de la Justicia,2017,"Joss Whedon, Zack Snyder",2018-05-03,3.0,6
El instante más oscuro,2017,Joe Wright,2018-05-03,4.0,8
The Disaster Artist,2017,James Franco,2018-05-03,3.5,7
Kingsman: El círculo de oro,2017,Matthew Vaughn,2018-05-03,2.0,4
Fast & Furious 8,2017,F. Gary Gray,2018-05-03,3.0,6
Good Time,2017,"Ben Safdie, Joshua Safdie",2018-05-03,3.5,7
Bright,2017,David Ayer,2018-05-03,3.5,7
Barry Seal: El traficante,2017,Doug Liman,2018-05-03,3.5,7
Thor: Ragnarok,2017,Taika Waititi,2018-05-03,4.0,8
Asesinato en el Orient Express,2017,Kenneth Branagh,2018-05-03,3.0,6
Guardianes de la galaxia Vol. 2,2017,James Gunn,2018-05-03,4.0,8
Molly's Game,2017,Aaron Sorkin,2018-05-03,2.5,5
The Florida Project,2017,Sean Baker,2018-05-03,4.0,8
Spider-Man: Homecoming,2017,Jon Watts,2018-05-03,3.5,7
Los archivos del Pentágono,2017,Steven Spielberg,2018-05-03,3.5,7
"Yo, Tonya",2017,Craig Gillespie,2018-05-03,3.5,7
Lady Bird,2017,Greta Gerwig,2018-05-03,4.0,8
Logan,2017,James Mangold,2018-05-03,4.0,8
La guerra del planeta de los simios,2017,Matt Reeves,2018-05-03,3.5,7
La forma del agua,2017,Guillermo del Toro,2018-05-03,3.5,7
T2: Trainspotting,2017,Danny Boyle,2018-05-03,3.0,6
Déjame salir,2017,Jordan Peele,2018-05-03,3.5,7
Wonder Woman,2017,Patty Jenkins,2018-05-03,3.5,7
Star Wars: Los últimos Jedi,2017,Rian Johnson,2018-05-03,3.5,7
Blade Runner 2049,2017,Denis Villeneuve,2018-05-03,4.0,8
Boyhood (Momentos de una vida),2014,Richard Linklater,2018-05-03,4.0,8
El Gran Hotel Budapest,2014,Wes Anderson,2018-05-03,4.5,9
Perdida,2014,David Fincher,2018-05-03,4.0,8
Relatos salvajes,2014,Damián Szifrón,2018-05-03,4.0,8
La habitación,2015,Lenny Abrahamson,2018-05-03,4.5,9
Manchester frente al mar,2016,Kenneth Lonergan,2018-05-03,4.0,8
La gran belleza,2013,Paolo Sorrentino,2018-05-03,3.5,7
Vikingos,2013,"Michael Hirst, Ken Girotti",2018-05-03,3.5,7
Nightcrawler,2014,Dan Gilroy,2018-05-03,3.5,7
Los odiosos ocho,2015,Quentin Tarantino,2018-05-03,4.0,8
Birdman o (La inesperada virtud de la ignorancia),2014,Alejandro González Iñárritu,2018-05-03,4.5,9
Coco,2017,"Lee Unkrich, Adrián Molina",2018-05-03,4.0,8
El cuento de la criada,2017,"Bruce Miller, Reed Morano",2018-05-03,4.5,9
Sherlock,2010,"Steven Moffat, Mark Gatiss",2018-05-03,4.0,8
La caza,2012,Thomas Vinterberg,2018-05-03,4.0,8
Donnie Darko,2001,Richard Kelly,2018-05-03,4.0,8
Making a Murderer,2015,"Moira Demos, Laura Ricciardi",2018-05-03,4.5,9
Mindhunter,2017,"Joe Penhall, David Fincher",2018-05-03,4.5,9
Tres anuncios en las afueras,2017,Martin McDonagh,2018-05-03,4.0,8
Black Mirror,2011,"Charlie Brooker, Owen Harris",2018-05-03,4.0,8
Narcos,2015,"Chris Brancato, Carlo Bernard",2018-05-03,3.5,7
Taboo,2017,"Steven Knight, Kristoffer Nyholm, Anders Engström",2018-05-03,3.5,7
Mr. Robot,2015,"Sam Esmail, Sam Esmail",2018-05-03,3.5,7
Fargo II,2015,"Noah Hawley, Randall Einhorn",2018-05-03,4.0,8
Interstellar,2014,Christopher Nolan,2018-05-03,4.5,9
Rick y Morty,2013,"Dan Harmon, Justin Roiland",2018-05-03,4.5,9
The Leftovers,2014,"Damon Lindelof, Tom Perrotta",2018-05-03,4.5,9
Mad Men,2007,"Matthew Weiner, Phil Abraham",2018-05-03,4.5,9
Star Wars: El despertar de la Fuerza,2015,J.J. Abrams,2018-05-03,4.0,8
Sicario,2015,Denis Villeneuve,2018-05-03,4.0,8
Spotlight,2015,Tom McCarthy,2018-05-03,3.5,7
Del revés (Inside Out),2015,"Pete Docter, Ronaldo Del Carmen",2018-05-03,4.5,9
El renacido,2015,Alejandro González Iñárritu,2018-05-03,4.0,8
Comanchería,2016,David Mackenzie,2018-05-03,4.0,8
Rogue One: Una historia de Star Wars,2016,Gareth Edwards,2018-05-03,3.5,7
La llegada,2016,Denis Villeneuve,2018-05-03,4.0,8
John Wick: Pacto de sangre,2017,Chad Stahelski,2018-05-03,3.5,7
Dunkerque,2017,Christopher Nolan,2018-05-03,4.0,8
Los siete samuráis,1954,Akira Kurosawa,2018-05-03,4.0,8
Doce hombres sin piedad,1957,Sidney Lumet,2018-05-03,4.5,9
El apartamento,1960,Billy Wilder,2018-05-03,4.0,8
¿Teléfono rojo? Volamos hacia Moscú,1964,Stanley Kubrick,2018-05-03,4.0,8
Hijos de la anarquía,2008,"Kurt Sutter, Gwyneth Horder-Payton",2018-05-03,3.5,7
Fargo,2014,"Noah Hawley, Adam Bernstein",2018-05-03,4.0,8
The Night Of,2016,"Steven Zaillian, Richard Price",2018-05-03,4.0,8
Stranger Things,2016,"Matt Duffer, Ross Duffer",2018-05-03,3.5,7
La ciudad de las estrellas (La La Land),2016,Damien Chazelle,2018-05-03,4.5,9
Silencio,2016,Martin Scorsese,2018-05-03,3.0,6
La guerra de las galaxias. Episodio IV: Una nueva esperanza,1977,George Lucas,2018-05-03,4.0,8
La guerra de las galaxias. Episodio V: El imperio contraataca,1980,Irvin Kershner,2018-05-03,4.0,8
La guerra de las galaxias. Episodio VI: El retorno del Jedi,1983,Richard Marquand,2018-05-03,4.0,8
La teoría del todo,2014,James Marsh,2015-02-22,3.5,7
The Imitation Game (Descifrando Enigma),2014,Morten Tyldum,2015-02-22,4.0,8
Whiplash,2014,Damien Chazelle,2015-02-22,4.0,8
Una cuestión de tiempo,2013,Richard Curtis,2014-06-07,4.0,8
Siete psicópatas,2012,Martin McDonagh,2014-06-07,3.0,6
Los padres de ella,2000,Jay Roach,2014-06-07,3.0,6
Bienvenidos a Zombieland,2009,Ruben Fleischer,2014-06-07,3.0,6
Melinda y Melinda,2004,Woody Allen,2014-06-07,3.5,7
Capitán Phillips,2013,Paul Greengrass,2014-05-18,3.5,7
El atlas de las nubes,2012,"Tom Tykwer, Lilly Wachowski, Lana Wachowski",2014-05-18,4.0,8
Plan oculto,2006,Spike Lee,2014-05-18,3.0,6
Zodiac,2007,David Fincher,2014-05-18,4.0,8
El laberinto del fauno,2006,Guillermo del Toro,2014-05-18,4.0,8
Black Mirror: Tu historia completa,2011,Brian Welsh,2014-05-18,4.0,8
House of Cards,2013,"Beau Willimon, David Fincher",2014-05-18,4.0,8
Más allá de la vida,2010,Clint Eastwood,2014-05-18,3.5,7
El topo,2011,Tomas Alfredson,2014-05-18,4.0,8
El único superviviente,2013,Peter Berg,2014-05-18,1.0,2
Iron Man 2,2010,Jon Favreau,2014-05-18,1.5,3
Iron Man 3,2013,Shane Black,2014-05-18,3.5,7
El hombre de acero,2013,Zack Snyder,2014-05-18,3.5,7
Thor,2011,Kenneth Branagh,2014-05-18,3.5,7
El invitado,2012,Daniel Espinosa,2014-05-18,2.5,5
Los mercenarios 2,2012,Simon West,2014-05-18,2.5,5
Guerra Mundial Z,2013,Marc Forster,2014-05-18,3.5,7
Misión imposible: Protocolo fantasma,2011,Brad Bird,2014-05-18,3.0,6
Skyfall,2012,Sam Mendes,2014-05-18,3.0,6
Código fuente,2011,Duncan Jones,2014-05-18,3.0,6
Spartacus: Venganza,2012,"Steven S. DeKnight, Rick Jacobson",2014-05-18,3.5,7
Scott Pilgrim contra el mundo,2010,Edgar Wright,2014-05-18,3.5,7
A propósito de Llewyn Davis,2013,"Joel Coen, Ethan Coen",2014-05-18,4.5,9
Searching for Sugar Man,2012,Malik Bendjelloul,2014-05-18,4.5,9
True Detective,2014,"Nic Pizzolatto, Cary Joji Fukunaga",2014-05-18,4.5,9
La huella,1972,Joseph L. Mankiewicz,2014-05-09,4.5,9
Los idus de marzo,2011,George Clooney,2014-05-09,3.5,7
El lado bueno de las cosas,2012,David O. Russell,2014-05-09,4.0,8
La gran estafa americana,2013,David O. Russell,2014-05-09,3.5,7
Shame,2011,Steve McQueen,2014-05-09,4.5,9
Margin Call,2011,J.C. Chandor,2014-05-09,3.0,6
Blue Jasmine,2013,Woody Allen,2014-05-09,4.0,8
The Master,2012,Paul Thomas Anderson,2014-05-09,3.5,7
50/50,2011,Jonathan Levine,2014-05-09,3.5,7
Lo imposible,2012,J.A. Bayona,2014-05-09,3.0,6
The Town (Ciudad de ladrones),2010,Ben Affleck,2014-05-09,3.5,7
Cómo acabar con tu jefe,2011,Seth Gordon,2014-05-09,3.0,6
Dallas Buyers Club,2013,Jean-Marc Vallée,2014-05-09,4.0,8
El árbol de la vida,2011,Terrence Malick,2014-05-09,4.0,8
Star Trek: En la oscuridad,2013,J.J. Abrams,2014-05-09,3.0,6
Moneyball: Rompiendo las reglas,2011,Bennett Miller,2014-05-09,3.0,6
Super 8,2011,J.J. Abrams,2014-05-09,2.5,5
Millennium: Los hombres que no amaban a las mujeres,2011,David Fincher,2014-05-09,3.5,7
Las aventuras de Tintín: El secreto del unicornio,2011,Steven Spielberg,2014-05-09,3.0,6
La invención de Hugo,2011,Martin Scorsese,2014-05-09,4.0,8
La vida de Pi,2012,Ang Lee,2014-05-09,4.0,8
Green Zone: Distrito protegido,2010,Paul Greengrass,2014-05-09,3.0,6
Los descendientes,2011,Alexander Payne,2014-05-09,4.0,8
Paperman,2012,John Kahrs,2014-05-09,4.0,8
Argo,2012,Ben Affleck,2014-05-09,4.0,8
Valor de ley,2010,"Joel Coen, Ethan Coen",2014-05-09,4.0,8
Criadas y señoras,2011,Tate Taylor,2014-05-09,3.5,7
Prisioneros,2013,Denis Villeneuve,2014-05-09,4.0,8
Spartacus: La guerra de los condenados,2013,"Steven S. DeKnight, Michael Hurst",2014-05-09,4.0,8
Her,2013,Spike Jonze,2014-05-09,4.5,9
Homeland,2011,"Howard Gordon, Alex Gansa",2014-05-09,3.5,7
Spartacus: Sangre y arena,2010,"Steven S. DeKnight, Rick Jacobson",2014-04-27,4.5,9
Los miserables,2012,Tom Hooper,2014-04-27,4.5,9
Matrix Reloaded,2003,"Lilly Wachowski, Lana Wachowski, Hermanas Wachowski",2014-04-27,3.5,7
A todo gas,2001,Rob Cohen,2014-04-27,3.5,7
El Hobbit: La desolación de Smaug,2013,Peter Jackson,2014-04-27,4.0,8
Fast & Furious 5 (A todo gas 5),2011,Justin Lin,2014-04-27,3.0,6
Dredd,2012,Pete Travis,2014-04-27,3.0,6
La noche más oscura (Zero Dark Thirty),2012,Kathryn Bigelow,2014-04-27,4.5,9
Pacific Rim,2013,Guillermo del Toro,2014-04-27,1.5,3
Valkiria,2008,Bryan Singer,2014-04-27,2.5,5
The Italian Job,2003,F. Gary Gray,2014-04-27,3.5,7
Casino Royale,2006,Martin Campbell,2014-04-27,3.5,7
El Hobbit: Un viaje inesperado,2012,Peter Jackson,2014-04-27,4.0,8
El origen del planeta de los simios,2011,Rupert Wyatt,2014-04-27,3.0,6
Looper,2012,Rian Johnson,2014-04-27,3.5,7
El tren de las 3:10,2007,James Mangold,2014-04-27,2.0,4
Los Vengadores,2012,Joss Whedon,2014-04-27,3.5,7
Rush,2013,Ron Howard,2014-04-27,4.0,8
Drive,2011,Nicolas Winding Refn,2014-04-27,4.5,9
Spartacus: Dioses de la Arena,2011,"Steven S. DeKnight, Rick Jacobson",2014-04-27,4.0,8
Minority Report,2002,Steven Spielberg,2014-04-27,3.5,7
Warrior,2011,Gavin O'Connor,2014-04-27,4.0,8
Arma fatal,2007,Edgar Wright,2014-04-27,3.0,6
"Gru, mi villano favorito",2010,"Pierre Coffin, Chris Renaud",2014-04-27,2.5,5
Un dios salvaje,2011,Roman Polanski,2014-04-27,4.0,8
Moonrise Kingdom,2012,Wes Anderson,2014-04-27,4.0,8
Kick-Ass: Listo para machacar,2010,Matthew Vaughn,2014-04-27,3.0,6
Midnight in Paris,2011,Woody Allen,2014-04-27,3.5,7
Todo lo demás,2003,Woody Allen,2014-04-27,3.0,6
El lobo de Wall Street,2013,Martin Scorsese,2014-04-27,4.5,9
The Artist,2011,Michel Hazanavicius,2014-04-27,4.5,9
Los lunes al sol,2002,Fernando León de Aranoa,2014-04-27,3.5,7
El diario de Noa,2004,Nick Cassavetes,2014-04-27,3.5,7
Gravity,2013,Alfonso Cuarón,2014-04-27,4.0,8
El caballero oscuro: La leyenda renace,2012,Christopher Nolan,2014-04-27,5.0,10
Inside Job,2010,Charles Ferguson,2014-04-27,4.0,8
Up,2009,"Pete Docter, Bob Peterson",2014-04-27,4.0,8
Generation Kill,2008,"David Simon, Simon Cellan Jones, Susanna White",2014-04-27,4.0,8
12 años de esclavitud,2013,Steve McQueen,2014-04-27,4.5,9
El viaje de Chihiro,2001,Hayao Miyazaki,2014-04-27,4.5,9
Black Mirror: El himno nacional,2011,Otto Bathurst,2014-04-27,4.5,9
Roma,2005,"John Milius, William J. MacDonald",2014-04-27,3.5,7
La vida de los otros,2006,Florian Henckel von Donnersmarck,2014-04-27,4.0,8
Cisne negro,2010,Darren Aronofsky,2014-04-27,4.0,8
Intocable,2011,"Olivier Nakache, Eric Toledano",2014-04-27,4.0,8
Django desencadenado,2012,Quentin Tarantino,2014-04-27,4.0,8
Deadwood,2004,"David Milch, Ed Bianchi",2014-04-27,4.5,9
Old Boy,2003,Park Chan-wook,2014-04-27,4.5,9
Perdidos - Episodio piloto,2004,J.J. Abrams,2014-04-27,3.5,7
Conocerás al hombre de tus sueños,2010,Woody Allen,2011-09-25,3.0,6
Un final made in Hollywood,2002,Woody Allen,2011-09-25,4.5,9
Sounds from a Town I Love,2001,Woody Allen,2011-09-25,3.5,7
Todos dicen I love you,1996,Woody Allen,2011-09-25,3.5,7
Poderosa Afrodita,1995,Woody Allen,2011-09-25,4.5,9
Balas sobre Broadway,1994,Woody Allen,2011-09-25,3.5,7
Maridos y mujeres,1992,Woody Allen,2011-09-25,5.0,10
Delitos y faltas,1989,Woody Allen,2011-09-25,5.0,10
Hannah y sus hermanas,1986,Woody Allen,2011-09-25,5.0,10
La rosa púrpura de El Cairo,1985,Woody Allen,2011-09-25,3.0,6
Broadway Danny Rose,1984,Woody Allen,2011-09-25,3.5,7
Zelig,1983,Woody Allen,2011-09-25,3.5,7
Manhattan,1979,Woody Allen,2011-09-25,5.0,10
Annie Hall,1977,Woody Allen,2011-09-25,5.0,10
La última noche de Boris Grushenko,1975,Woody Allen,2011-09-25,5.0,10
El dormilón,1973,Woody Allen,2011-09-25,4.5,9
Todo lo que siempre quiso saber sobre el sexo y nunca se atrevió a preguntar,1972,Woody Allen,2011-09-25,4.0,8
Bananas,1971,Woody Allen,2011-09-25,4.0,8
Distrito 9,2009,Neill Blomkamp,2011-07-28,4.0,8
Boardwalk Empire,2010,"Terence Winter, Timothy Van Patten",2011-07-28,5.0,10
Boardwalk Empire - Episodio piloto,2010,Martin Scorsese,2011-07-28,5.0,10
The Fighter,2010,David O. Russell,2011-06-18,4.0,8
El discurso del Rey,2010,Tom Hooper,2011-06-18,4.0,8
127 horas,2010,Danny Boyle,2011-02-13,5.0,10
Atrápame si puedes,2002,Steven Spielberg,2011-02-13,4.0,8
Red,2010,Robert Schwentke,2011-02-03,3.5,7
De dioses y hombres,2010,Xavier Beauvois,2011-01-19,3.0,6
Collateral,2004,Michael Mann,2010-12-22,3.5,7
Master and Commander: Al otro lado del mundo,2003,Peter Weir,2010-12-22,3.5,7
El mito de Bourne,2004,Paul Greengrass,2010-12-22,4.0,8
Padre Made in USA,2005,"Seth MacFarlane, Mike Barker",2010-12-22,2.5,5
Love Actually,2003,Richard Curtis,2010-12-22,3.5,7
Scrubs,2001,"Bill Lawrence, Michael Spiller",2010-12-22,4.0,8
Scoop,2006,Woody Allen,2010-12-22,3.5,7
(500) días juntos,2009,Marc Webb,2010-12-22,3.5,7
Up in the Air,2009,Jason Reitman,2010-12-22,4.0,8
Gracias por fumar,2005,Jason Reitman,2010-12-22,4.0,8
Team America: La policía del mundo,2004,"Trey Parker, Matt Stone",2010-12-22,2.5,5
Los Increíbles,2004,Brad Bird,2010-12-22,3.0,6
La edad de hielo (Ice Age),2002,"Chris Wedge, Carlos Saldanha",2010-12-22,3.0,6
Buscando a Nemo,2003,"Andrew Stanton, Lee Unkrich",2010-12-22,3.0,6
Weeds,2005,"Jenji Kohan, Craig Zisk",2010-12-22,2.5,5
Me llamo Earl,2005,"Gregory Thomas Garcia, Marc Buckland",2010-12-22,2.5,5
Memorias de una geisha,2005,Rob Marshall,2010-12-22,3.0,6
¡Olvídate de mí!,2004,Michel Gondry,2010-12-22,3.5,7
La Red Social,2010,David Fincher,2010-12-22,3.5,7
Toy Story 3,2010,Lee Unkrich,2010-12-22,4.0,8
WALL•E,2008,Andrew Stanton,2010-12-22,4.5,9
El dilema,1999,Michael Mann,2010-12-08,4.5,9
Breaking Bad,2008,"Vince Gilligan, Michelle MacLaren",2010-11-22,4.5,9
Wall Street,1987,Oliver Stone,2010-11-01,4.0,8
Chicago,2002,Rob Marshall,2010-10-23,4.0,8
Zeitgeist: The Movie,2007,Peter Joseph,2010-09-23,2.5,5
Star Trek,2009,J.J. Abrams,2010-09-17,2.5,5
Un pequeño cambio,2010,"Josh Gordon, Will Speck",2010-09-13,2.0,4
Una historia verdadera,1999,David Lynch,2010-09-08,4.0,8
Salt,2010,Phillip Noyce,2010-09-07,3.0,6
El escritor,2010,Roman Polanski,2010-09-06,4.0,8
Modern Family,2009,"Steven Levitan, Christopher Lloyd",2010-08-31,4.0,8
The Karate Kid,2010,Harald Zwart,2010-08-28,3.5,7
Shutter Island,2010,Martin Scorsese,2010-08-21,4.0,8
Origen,2010,Christopher Nolan,2010-08-09,4.5,9
Depredador,1987,John McTiernan,2010-08-04,3.0,6
Noche loca,2010,Shawn Levy,2010-06-09,3.0,6
London: Oscura Obsesión,2005,Hunter Richards,2010-05-31,4.5,9
Un ciudadano ejemplar,2009,F. Gary Gray,2010-05-28,3.5,7
X-Men: La decisión final,2006,Brett Ratner,2010-05-14,3.0,6
Robin Hood,2010,Ridley Scott,2010-05-14,3.0,6
Rollerball,2002,John McTiernan,2010-05-13,0.5,1
Increíble pero falso,2009,"Ricky Gervais, Matthew Robinson",2010-05-13,3.0,6
Batman Begins,2005,Christopher Nolan,2010-05-09,3.5,7
Náufrago,2000,Robert Zemeckis,2010-05-02,3.5,7
Billy Elliot (Quiero bailar),2000,Stephen Daldry,2010-05-02,3.5,7
John Q.,2002,Nick Cassavetes,2010-05-02,4.5,9
Última llamada,2002,Joel Schumacher,2010-05-02,3.5,7
El perfume. Historia de un asesino,2006,Tom Tykwer,2010-05-02,3.0,6
Shooter: El tirador,2007,Antoine Fuqua,2010-05-02,3.5,7
El señor de la guerra,2005,Andrew Niccol,2010-05-02,4.0,8
Piratas del Caribe: El cofre del hombre muerto,2006,Gore Verbinski,2010-05-02,3.0,6
Cometas en el cielo,2007,Marc Forster,2010-05-02,4.0,8
La pasión de Cristo,2004,Mel Gibson,2010-05-02,4.0,8
Cold Mountain,2003,Anthony Minghella,2010-05-01,4.0,8
Hijos de los hombres,2006,Alfonso Cuarón,2010-05-01,3.5,7
El jardinero fiel,2005,Fernando Meirelles,2010-05-01,4.0,8
Hotel Rwanda,2004,Terry George,2010-05-01,4.0,8
24,2001,"Joel Surnow, Robert Cochran",2010-05-01,3.0,6
El show de Truman,1998,Peter Weir,2010-05-01,4.0,8
Heat,1995,Michael Mann,2010-05-01,3.5,7
Desmontando a Harry,1997,Woody Allen,2010-05-01,4.0,8
Mr. Bean,1990,"Rowan Atkinson, Paul Weiland",2010-05-01,3.0,6
Californication,2007,"Tom Kapinos, Stephen Hopkins",2010-05-01,3.0,6
Desayuno con diamantes,1961,Blake Edwards,2010-04-30,4.0,8
El viento que agita la cebada,2006,Ken Loach,2010-04-25,3.0,6
El patriota,2000,Roland Emmerich,2010-04-25,4.0,8
La milla verde,1999,Frank Darabont,2010-04-25,4.0,8
Recuérdame,2010,Allen Coulter,2010-04-22,3.5,7
La leyenda del DJ Frankie Wilde,2004,Michael Dowse,2010-04-18,3.5,7
El efecto mariposa,2004,"Eric Bress, J. Mackye Gruber",2010-04-17,4.0,8
La última noche,2002,Spike Lee,2010-04-15,5.0,10
El truco final (El prestigio),2006,Christopher Nolan,2010-04-15,3.5,7
Antes que el diablo sepa que has muerto,2007,Sidney Lumet,2010-04-15,4.0,8
"Yo, robot",2004,Alex Proyas,2010-04-05,4.0,8
El secreto de sus ojos,2009,Juan José Campanella,2010-04-04,5.0,10
Furia de titanes,2010,Louis Leterrier,2010-04-03,2.5,5
Mortadelo y Filemón. Misión: salvar la Tierra,2008,Miguel Bardem,2010-04-02,0.5,1
Entre copas,2004,Alexander Payne,2010-03-29,2.0,4
El sargento de hierro,1986,Clint Eastwood,2010-03-25,3.0,6
The Pacific,2010,"Timothy Van Patten, Jeremy Podeswa, Carl Franklin",2010-03-25,4.5,9
La última fortaleza,2001,Rod Lurie,2010-03-24,1.5,3
El puente sobre el río Kwai,1957,David Lean,2010-03-24,4.5,9
Dexter,2006,"James Manos Jr., John Dahl",2010-03-21,4.0,8
Hacia rutas salvajes (Into the Wild),2007,Sean Penn,2010-03-21,5.0,10
Pozos de ambición,2007,Paul Thomas Anderson,2010-03-17,3.5,7
Celda 211,2009,Daniel Monzón,2010-03-16,3.0,6
Los intocables de Eliot Ness,1987,Brian De Palma,2010-03-16,4.0,8
Algo pasa con Mary,1998,"Peter Farrelly, Bobby Farrelly",2010-03-16,4.0,8
My Blueberry Nights,2007,Wong Kar-Wai,2010-03-14,4.0,8
La terminal,2004,Steven Spielberg,2010-03-11,3.5,7
Ahora o nunca,2007,Rob Reiner,2010-03-11,3.0,6
Soy leyenda,2007,Francis Lawrence,2010-03-11,3.5,7
Prison Break: Evasión final,2009,Kevin Hooks,2010-03-11,2.5,5
7 vidas,1999,"Nacho G. Velilla, Ricardo A. Solla",2010-03-11,3.0,6
Blow,2001,Ted Demme,2010-03-11,4.5,9
Piratas del Caribe: La maldición de la Perla Negra,2003,Gore Verbinski,2010-03-11,3.0,6
Aída,2005,"Nacho G. Velilla, Mar Olid",2010-03-11,1.0,2
Prison Break,2005,"Paul Scheuring, Bobby Roth",2010-03-11,4.5,9
Piratas del Caribe: En el fin del mundo,2007,Gore Verbinski,2010-03-11,3.0,6
Toy Story,1995,John Lasseter,2010-03-11,3.5,7
Los hombres que miraban fijamente a las cabras,2009,Grant Heslov,2010-03-11,2.5,5
Habana Blues,2005,Benito Zambrano,2010-03-07,3.0,6
An Education,2009,Lone Scherfig,2010-03-01,4.0,8
Entourage: El séquito,2004,"Doug Ellin, Julian Farino",2010-03-01,4.0,8
Único testigo,1985,Peter Weir,2010-03-01,3.5,7
El club de los poetas muertos,1989,Peter Weir,2010-03-01,4.5,9
Pearl Harbor,2001,Michael Bay,2010-02-28,3.0,6
El solista,2009,Joe Wright,2010-02-24,3.5,7
Ray,2004,Taylor Hackford,2010-02-22,4.5,9
El paciente inglés,1996,Anthony Minghella,2010-02-13,4.5,9
En tierra hostil,2008,Kathryn Bigelow,2010-02-05,3.0,6
Hazme reír,2009,Judd Apatow,2010-02-04,3.5,7
La maldición del escorpión de jade,2001,Woody Allen,2010-02-04,3.5,7
El hundimiento,2004,Oliver Hirschbiegel,2010-02-04,3.5,7
The Reader (El lector),2008,Stephen Daldry,2010-02-04,4.5,9
El último samurái,2003,Edward Zwick,2010-02-04,3.5,7
Los chicos del coro,2004,Christophe Barratier,2010-02-04,4.0,8
Diamante de sangre,2006,Edward Zwick,2010-02-04,4.0,8
La ola,2008,Dennis Gansel,2010-02-04,4.0,8
X-Men Orígenes: Lobezno,2009,Gavin Hood,2010-02-04,3.0,6
Revolutionary Road,2008,Sam Mendes,2010-02-04,4.0,8
Diarios de motocicleta,2004,Walter Salles,2010-02-04,3.5,7
Mystic River,2003,Clint Eastwood,2010-02-04,4.0,8
Gladiator,2000,Ridley Scott,2010-01-29,4.5,9
La novia cadáver,2005,"Tim Burton, Mike Johnson",2010-01-27,3.5,7
Los falsificadores,2007,Stefan Ruzowitzky,2010-01-27,3.5,7
Abre los ojos,1997,Alejandro Amenábar,2010-01-27,3.5,7
Donnie Brasco,1997,Mike Newell,2010-01-27,3.5,7
Entrevista con el vampiro,1994,Neil Jordan,2010-01-27,4.0,8
Philadelphia,1993,Jonathan Demme,2010-01-27,4.0,8
Granujas de medio pelo,2000,Woody Allen,2010-01-27,4.0,8
Moulin Rouge,2001,Baz Luhrmann,2010-01-27,3.5,7
"Monstruos, S.A.",2001,"Pete Docter, Lee Unkrich, David Silverman",2010-01-27,4.0,8
Nueve reinas,2000,Fabián Bielinsky,2010-01-27,4.0,8
Lock & Stock,1998,Guy Ritchie,2010-01-27,4.5,9
Muerte entre las flores,1990,Joel Coen,2010-01-27,4.5,9
Misterioso asesinato en Manhattan,1993,Woody Allen,2010-01-27,4.0,8
Atrapado por su pasado,1993,Brian De Palma,2010-01-27,4.0,8
Ratatouille,2007,Brad Bird,2010-01-27,3.5,7
Shrek,2001,"Andrew Adamson, Vicky Jenson",2010-01-27,4.5,9
Matar a un ruiseñor,1962,Robert Mulligan,2010-01-27,4.0,8
El buscavidas,1961,Robert Rossen,2010-01-27,4.5,9
La roca,1996,Michael Bay,2010-01-27,4.0,8
Training Day (Día de entrenamiento),2001,Antoine Fuqua,2010-01-27,4.5,9
El fuego de la venganza,2004,Tony Scott,2010-01-27,4.0,8
King Kong,2005,Peter Jackson,2010-01-27,3.5,7
El ilusionista,2006,Neil Burger,2010-01-27,4.0,8
Venganza,2008,Pierre Morel,2010-01-27,3.5,7
Una verdad incómoda,2006,Davis Guggenheim,2010-01-22,3.5,7
"El bueno, el feo y el malo",1966,Sergio Leone,2010-01-22,4.0,8
Hannibal,2001,Ridley Scott,2010-01-22,4.5,9
Resacón en Las Vegas,2009,Todd Phillips,2010-01-22,4.0,8
Sherlock Holmes,2009,Guy Ritchie,2010-01-18,4.0,8
Un tipo serio,2009,"Joel Coen, Ethan Coen",2010-01-14,2.5,5
Toma el dinero y corre,1969,Woody Allen,2010-01-07,4.0,8
Descubriendo a John Cazale,2009,Richard Shepard,2010-01-06,4.5,9
12 monos,1995,Terry Gilliam,2010-01-06,4.0,8
¿Conoces a Joe Black?,1998,Martin Brest,2010-01-06,3.0,6
The Mexican,2001,Gore Verbinski,2010-01-06,3.5,7
Spy Game (Juego de espías),2001,Tony Scott,2010-01-06,3.5,7
Troya,2004,Wolfgang Petersen,2010-01-06,4.0,8
Sr. y Sra. Smith,2005,Doug Liman,2010-01-06,3.5,7
Babel,2006,Alejandro González Iñárritu,2010-01-06,3.0,6
El asesinato de Jesse James por el cobarde Robert Ford,2007,Andrew Dominik,2010-01-06,3.5,7
Quemar después de leer,2008,"Joel Coen, Ethan Coen",2010-01-06,4.0,8
Ejecutivo agresivo,2003,Peter Segal,2010-01-03,0.5,1
Avatar,2009,James Cameron,2009-12-23,5.0,10
Algo pasa en Hollywood,2008,Barry Levinson,2009-12-20,3.0,6
La vida de Brian,1979,Terry Jones,2009-12-20,4.5,9
La cena de los idiotas,1998,Francis Veber,2009-12-14,4.0,8
Top Gun (Ídolos del aire),1986,Tony Scott,2009-12-02,3.5,7
Jungla de cristal,1988,John McTiernan,2009-12-02,4.0,8
El caso Bourne,2002,Doug Liman,2009-12-02,4.0,8
French Connection. Contra el imperio de la droga,1971,William Friedkin,2009-12-02,4.0,8
Alguien voló sobre el nido del cuco,1975,Milos Forman,2009-12-02,4.5,9
Kramer contra Kramer,1979,Robert Benton,2009-12-02,4.0,8
Memorias de África,1985,Sydney Pollack,2009-12-02,5.0,10
El último emperador,1987,Bernardo Bertolucci,2009-12-02,5.0,10
Paseando a Miss Daisy,1989,Bruce Beresford,2009-12-02,4.0,8
Titanic,1997,James Cameron,2009-12-02,4.5,9
Una mente maravillosa,2001,Ron Howard,2009-12-02,4.5,9
Million Dollar Baby,2004,Clint Eastwood,2009-12-02,4.5,9
Más allá de los sueños,2008,Adam Shankman,2009-11-15,0.5,1
Rockefeller Plaza (30 Rock),2006,"Tina Fey, Don Scardino",2009-10-25,4.5,9
Larry David (Curb Your Enthusiasm),2000,"Larry David, Robert B. Weide",2009-10-25,4.5,9
El príncipe de Bel-Air,1990,"Andy Borowitz, Susan Borowitz",2009-10-25,4.0,8
Seinfeld,1989,"Jerry Seinfeld, Larry David",2009-10-25,5.0,10
House,2004,"David Shore, David Shore",2009-10-25,4.0,8
El increíble Hulk,2008,Louis Leterrier,2009-10-25,3.0,6
10.000 a.C.,2008,Roland Emmerich,2009-10-25,3.0,6
¿Hacemos una porno?,2008,Kevin Smith,2009-10-25,4.0,8
Hancock,2008,Peter Berg,2009-10-25,3.5,7
Hellboy 2: El ejército dorado,2008,Guillermo del Toro,2009-10-25,3.0,6
Wanted (Se busca),2008,Timur Bekmambetov,2009-10-25,3.5,7
Che: El argentino,2008,Steven Soderbergh,2009-10-25,3.5,7
Iron Man,2008,Jon Favreau,2009-10-25,3.0,6
John Rambo (Rambo IV),2008,Sylvester Stallone,2009-10-25,3.0,6
"Tropic Thunder, ¡una guerra muy perra!",2008,Ben Stiller,2009-10-25,3.5,7
Vicky Cristina Barcelona,2008,Woody Allen,2009-10-25,4.0,8
Quantum of Solace,2008,Marc Forster,2009-10-25,3.5,7
Escondidos en Brujas,2008,Martin McDonagh,2009-10-25,4.0,8
Australia,2008,Baz Luhrmann,2009-10-25,0.5,1
Windtalkers,2002,John Woo,2009-10-25,3.5,7
Man on Wire,2008,James Marsh,2009-10-25,3.5,7
Black Hawk derribado,2001,Ridley Scott,2009-10-25,3.0,6
Fargo,1996,Joel Coen,2009-10-22,4.0,8
Pequeña Miss Sunshine,2006,"Jonathan Dayton, Valerie Faris",2009-10-22,3.5,7
Promesas del este,2007,David Cronenberg,2009-10-22,4.0,8
Casablanca,1942,Michael Curtiz,2009-10-22,5.0,10
The Wire (Bajo escucha),2002,"David Simon, Joe Chappelle",2009-10-22,4.5,9
Hermanos de sangre,2001,"Stephen Ambrose, David Frankel",2009-10-22,5.0,10
Watchmen,2009,Zack Snyder,2009-10-21,4.5,9
Kiss Kiss Bang Bang,2005,Shane Black,2009-10-20,4.5,9
Los Soprano,1999,"David Chase, Timothy Van Patten",2009-10-14,4.0,8
En el nombre del padre,1993,Jim Sheridan,2009-10-14,4.0,8
Blade II,2002,Guillermo del Toro,2009-10-14,3.5,7
Underworld,2003,Len Wiseman,2009-10-14,4.0,8
No es país para viejos,2007,"Joel Coen, Ethan Coen",2009-10-14,4.5,9
Kung Fu Sion,2004,Stephen Chow,2009-10-14,4.0,8
Dos colgaos muy fumaos: Fuga de Guantánamo,2008,"Jon Hurwitz, Hayden Schlossberg",2009-10-14,4.0,8
Road Trip (Viaje de pirados),2000,Todd Phillips,2009-10-14,4.0,8
No es otra estúpida película americana,2001,Joel Gallen,2009-10-14,4.5,9
Cuestión de pelotas,2004,Rawson Marshall Thurber,2009-10-14,4.0,8
Underworld: Evolution,2006,Len Wiseman,2009-10-14,3.5,7
The Big Bang Theory,2007,"Chuck Lorre, Bill Prady",2009-10-14,4.5,9
Padre de familia,1999,"Seth MacFarlane, Peter Shin",2009-10-14,4.0,8
El gran Lebowski,1998,Joel Coen,2009-10-14,4.5,9
El señor de los anillos: La comunidad del anillo,2001,Peter Jackson,2009-10-14,3.5,7
El señor de los anillos: El retorno del rey,2003,Peter Jackson,2009-10-14,3.5,7
La vida de David Gale,2003,Alan Parker,2009-10-14,4.0,8
Cómo conocí a vuestra madre,2005,"Carter Bays, Craig Thomas",2009-10-14,4.5,9
En busca de la felicidad,2006,Gabriele Muccino,2009-10-14,4.0,8
Shoot 'Em Up: En el punto de mira,2007,Michael Davis,2009-10-14,3.0,6
El intercambio,2008,Clint Eastwood,2009-10-14,4.5,9
Los Simpson,1989,"Matt Groening, Sam Simon",2009-10-14,4.5,9
Resistencia,2008,Edward Zwick,2009-10-14,3.0,6
Si la cosa funciona,2009,Woody Allen,2009-10-13,4.5,9
Asalto al tren Pelham 123,2009,Tony Scott,2009-10-09,3.0,6
Chocolat,2000,Lasse Hallström,2009-10-09,3.0,6
Rounders,1998,John Dahl,2009-10-05,4.5,9
Boogie Nights,1997,Paul Thomas Anderson,2009-10-05,3.0,6
El ultimátum de Bourne,2007,Paul Greengrass,2009-10-01,4.0,8
Blade Runner,1982,Ridley Scott,2009-10-01,3.5,7
Eduardo Manostijeras,1990,Tim Burton,2009-10-01,4.0,8
Atrapado en el tiempo,1993,Harold Ramis,2009-10-01,4.0,8
Sospechosos habituales,1995,Bryan Singer,2009-10-01,4.5,9
Futurama,1999,"Matt Groening, Peter Avanzino",2009-10-01,4.5,9
Bowling for Columbine,2002,Michael Moore,2009-10-01,3.5,7
El señor de los anillos: Las dos torres,2002,Peter Jackson,2009-09-30,3.5,7
El padrino. Parte III,1990,Francis Ford Coppola,2009-09-30,3.5,7
El desafío: Frost contra Nixon,2008,Ron Howard,2009-09-30,3.5,7
Braveheart,1995,Mel Gibson,2009-09-30,4.0,8
Death Proof,2007,Quentin Tarantino,2009-09-30,2.5,5
Leaving Las Vegas,1995,Mike Figgis,2009-09-30,5.0,10
Kill Bill. Volumen 2,2004,Quentin Tarantino,2009-09-30,3.5,7
Match Point,2005,Woody Allen,2009-09-30,4.0,8
Cadena perpetua,1994,Frank Darabont,2009-09-30,4.5,9
Kill Bill. Volumen 1,2003,Quentin Tarantino,2009-09-30,3.5,7
¡El soplón!,2009,Steven Soderbergh,2009-09-30,2.0,4
L.A. Confidential,1997,Curtis Hanson,2009-09-27,4.0,8
El indomable Will Hunting,1997,Gus Van Sant,2009-09-27,4.5,9
Shakespeare enamorado,1998,John Madden,2009-09-27,5.0,10
El sexto sentido,1999,M. Night Shyamalan,2009-09-27,4.5,9
Infiltrados,2006,Martin Scorsese,2009-09-27,5.0,10
Truman Capote,2005,Bennett Miller,2009-09-27,4.0,8
"Buenas noches, y buena suerte",2005,George Clooney,2009-09-27,4.0,8
El pianista,2002,Roman Polanski,2009-09-27,4.5,9
Gangs of New York,2002,Martin Scorsese,2009-09-27,3.5,7
300,2006,Zack Snyder,2009-09-26,5.0,10
El nombre de la rosa,1986,Jean-Jacques Annaud,2009-09-26,4.0,8
Reservoir Dogs,1992,Quentin Tarantino,2009-09-26,4.0,8
Réquiem por un sueño,2000,Darren Aronofsky,2009-09-26,4.5,9
Big Fish,2003,Tim Burton,2009-09-26,4.0,8
El caso Slevin,2006,Paul McGuigan,2009-09-26,4.5,9
Apocalypto,2006,Mel Gibson,2009-09-26,3.5,7
El caballero oscuro,2008,Christopher Nolan,2009-09-26,4.0,8
Héroes,2006,"Tim Kring, Greg Beeman",2009-09-26,3.5,7
American Gangster,2007,Ridley Scott,2009-09-26,4.5,9
RocknRolla,2008,Guy Ritchie,2009-09-26,4.0,8
Slumdog Millionaire,2008,"Danny Boyle, Loveleen Tandan",2009-09-26,4.0,8
Terminator 2: El juicio final,1991,James Cameron,2009-09-26,3.5,7
Perdidos (Lost),2004,"J.J. Abrams, Damon Lindelof",2009-09-26,5.0,10
Friends,1994,"David Crane, Marta Kauffman",2009-09-26,5.0,10
Pactar con el diablo,1997,Taylor Hackford,2009-09-26,3.0,6
Amores perros,2000,Alejandro González Iñárritu,2009-09-26,3.5,7
V de Vendetta,2005,James McTeigue,2009-09-26,4.0,8
El último rey de Escocia,2006,Kevin Macdonald,2009-09-26,4.0,8
Gran Torino,2008,Clint Eastwood,2009-09-26,4.0,8
Ciudadano Kane,1941,Orson Welles,2009-09-26,4.5,9
El golpe,1973,George Roy Hill,2009-09-26,4.0,8
Seven,1995,David Fincher,2009-09-26,5.0,10
Casino,1995,Martin Scorsese,2009-09-26,5.0,10
Mejor... imposible,1997,James L. Brooks,2009-09-26,4.5,9
American History X,1998,Tony Kaye,2009-09-26,5.0,10
La vida es bella,1997,Roberto Benigni,2009-09-26,4.5,9
Matrix,1999,"Lilly Wachowski, Lana Wachowski, Hermanas Wachowski",2009-09-26,5.0,10
Snatch. Cerdos y diamantes,2000,Guy Ritchie,2009-09-26,5.0,10
Ciudad de Dios,2002,"Fernando Meirelles, Kátia Lund",2009-09-26,4.5,9
21 gramos,2003,Alejandro González Iñárritu,2009-09-26,4.0,8
Sin City (Ciudad del pecado),2005,"Robert Rodriguez, Frank Miller, Quentin Tarantino",2009-09-26,4.5,9
El curioso caso de Benjamin Button,2008,David Fincher,2009-09-26,4.0,8
El resplandor,1980,Stanley Kubrick,2009-09-26,4.5,9
Amadeus,1984,Milos Forman,2009-09-26,5.0,10
Terminator,1984,James Cameron,2009-09-26,3.5,7
Trainspotting,1996,Danny Boyle,2009-09-26,4.0,8
Miedo y asco en Las Vegas,1998,Terry Gilliam,2009-09-26,4.0,8
El club de la lucha,1999,David Fincher,2009-09-26,5.0,10
Memento,2000,Christopher Nolan,2009-09-26,4.5,9
Camino a la perdición,2002,Sam Mendes,2009-09-26,4.5,9
Bailando con lobos,1990,Kevin Costner,2009-09-26,5.0,10
Sin perdón,1992,Clint Eastwood,2009-09-26,4.5,9
Cinema Paradiso,1988,Giuseppe Tornatore,2009-09-26,4.5,9
El silencio de los corderos,1991,Jonathan Demme,2009-09-26,5.0,10
El precio del poder,1983,Brian De Palma,2009-09-26,5.0,10
La naranja mecánica,1971,Stanley Kubrick,2009-09-26,5.0,10
American Beauty,1999,Sam Mendes,2009-09-26,4.5,9
Chinatown,1974,Roman Polanski,2009-09-26,5.0,10
Érase una vez en América,1984,Sergio Leone,2009-09-26,5.0,10
Malditos bastardos,2009,Quentin Tarantino,2009-09-26,4.5,9
Pulp Fiction,1994,Quentin Tarantino,2009-09-26,5.0,10
Forrest Gump,1994,Robert Zemeckis,2009-09-26,5.0,10
Toro salvaje,1980,Martin Scorsese,2009-09-26,4.5,9
Taxi Driver,1976,Martin Scorsese,2009-09-26,5.0,10
Uno de los nuestros,1990,Martin Scorsese,2009-09-26,5.0,10
La lista de Schindler,1993,Steven Spielberg,2009-09-26,5.0,10
El padrino. Parte II,1974,Francis Ford Coppola,2009-09-26,5.0,10
El padrino,1972,Francis Ford Coppola,2009-09-26,5.0,10
Sopa de ganso,1933,Leo McCarey,2009-09-26,5.0,10
Lío embarazoso,2007,Judd Apatow,2009-09-26,4.5,9
El guateque,1968,Blake Edwards,2009-09-26,4.0,8
Juno,2007,Jason Reitman,2009-09-26,4.5,9
Scary Movie,2000,Keenen Ivory Wayans,2009-09-26,2.5,5
Cartas desde Iwo Jima,2006,Clint Eastwood,2009-09-26,4.0,8
Banderas de nuestros padres,2006,Clint Eastwood,2009-09-26,4.0,8
Enemigo a las puertas,2001,Jean-Jacques Annaud,2009-09-26,3.5,7
Patton,1970,Franklin J. Schaffner,2009-09-26,4.5,9
Salvar al soldado Ryan,1998,Steven Spielberg,2009-09-26,5.0,10
El cazador,1978,Michael Cimino,2009-09-26,5.0,10
La delgada línea roja,1998,Terrence Malick,2009-09-26,4.0,8
La chaqueta metálica,1987,Stanley Kubrick,2009-09-26,5.0,10
Apocalypse Now,1979,Francis Ford Coppola,2009-09-26,5.0,10
Platoon,1986,Oliver Stone,2009-09-26,4.5,9
